{
  "C": 12.000000,
  "H": 1.00782503223,
  "O": 15.99491461957,
  "P": 30.97376199842,
  "Cl":	34.968852682,
  "Na": 22.989770,
  "F": 18.998403,
  "N": 14.00307400443,
  "Li":7.0160034366
}